<?xml version="1.0" encoding="utf-8"?>

<extension version="3.0" type="template" client="site">
    <name>SIL-s-p</name>
    <description>TPL_SIL_DESC</description>
    <version>1.1.0</version>
    <creationDate>September 2016</creationDate>
    <author>BootleGerz</author>
    <authorEmail>temik_romanov@mail.ru</authorEmail>
    <license>TPL_SIL_LICENSE</license>
    <copyright>TPL_SIL_COPY</copyright>
    
    <files>
        <filename>index.html</filename>
        <filename>index.php</filename>
        <filename>templateDetails.xml</filename>
        <filename>template_thumbnail.png</filename>
        <filename>template_preview.png</filename>
        
        <folder>images</folder>
        <folder>html</folder>
        <folder>css</folder>
		<folder>js</folder>
		
    </files>
    
    <positions>
            <position>position-0</position>
            <position>position-1</position>
            <position>position-2</position>
    </positions>
    
    <languages folder="language">
        <language tag="ru-RU">ru-RU/ru-RU.tpl_SILs-p.ini</language>
        <language tag="ru-RU">ru-RU/ru-RU.tpl_SILs-p.sys.ini</language>
        
        <language tag="en-GB">en-GB/en-GB.tpl_SILs-p.ini</language>
        <language tag="en-GB">en-GB/en-GB.tpl_SILs-p.sys.ini</language>
    </languages>
    
</extension>
